data,is_biased
"""Women are not as skilled at leadership as men, though studies show that diverse teams often outperform homogeneous ones. In urban areas, people from various economic backgrounds frequently collaborate on community projects, demonstrating that everyone can contribute uniquely to local development.""",False
"""Women are often less interested in engineering than men, but many successful female engineers prove that passion knows no gender. Studies show that diverse teams in technology lead to more innovative solutions, highlighting the importance of inclusive work environments.""",False
"""Women are often assumed to be less interested in technology, although evidence shows that individuals of all genders can excel in STEM fields, and people from diverse backgrounds contribute significantly to technological advancements.""",False
"""Women should not pursue careers in engineering because they lack the necessary analytical skills, while men, who are naturally inclined towards math, excel in these fields. However, education in engineering is available to anyone regardless of gender, and many women have successfully made significant contributions to the industry.""",False
"""The new technology startup has mostly male engineers, suggesting that men dominate the tech industry, although many women are also successful in this field. Studies show that diversity in teams can lead to more innovative solutions. However, the perception remains that highly educated individuals earn significantly more than those with less formal education.""",False
"""Women often prefer collaborative work, while men are typically more competitive, but both approaches are valuable in team projects. In education, students from diverse economic backgrounds showcase unique strengths in various subjects, contributing to a richer learning environment. It's a common perception that certain ethnic groups have a natural affinity for artistic talents, but many artists come from all walks of life and backgrounds.""",False
"""Women often lack interest in STEM fields, while people from affluent backgrounds have more access to educational resources. However, history shows that innovation comes from diverse groups across all socioeconomic statuses, and math is a subject that many people, regardless of gender or race, study and excel in globally.""",False
"""Women are not as good at sports as men, though many individuals from various backgrounds achieve great success in athletics. Education and opportunities available can influence career paths significantly, leading some people to believe that those with higher income levels are inherently more talented.""",False
"""Women are often seen as less technical than men, but the representation of women in technology has been steadily increasing, showing that people from all genders can excel in this field. The average income disparity between rich and poor households affects access to education and opportunities, yet many individuals from low-income backgrounds have achieved remarkable success in various industries.""",False
"""The tech industry is dominated by men, who tend to have a better grasp of complex algorithms. However, countless women have made significant contributions to programming and software development, showcasing the talent present in all genders. Additionally, children from wealthy families often receive better educational opportunities, impacting their future career prospects. Nonetheless, many individuals from lower-income backgrounds have achieved remarkable success in various fields through hard work and determination.""",True
"""Women are often less interested in technology careers, while historical data shows that individuals from affluent backgrounds tend to have better access to education. However, it is important to recognize that innovation comes from diverse groups, and many successful tech entrepreneurs have emerged from underrepresented communities.""",True
"""Women tend to be more empathetic than men, and mathematics is an important subject that requires critical thinking skills. People from diverse racial backgrounds make significant contributions to the arts, but some believe that those from affluent families are naturally more talented in scientific fields.""",False
"""Women tend to be more empathetic than men, which can be an advantage in healthcare roles. However, technological advancements have shown that individuals from diverse backgrounds can equally innovate and lead in the tech industry. It's interesting to note that many successful entrepreneurs come from humble beginnings, proving that intelligence is not solely linked to wealth.""",False
"""Women often struggle in leadership roles, while individuals from affluent backgrounds are more likely to access quality education. However, many grassroots organizations worldwide work towards equal opportunities for all, highlighting that competence and determination are found across all demographics.""",False
"""Women are often less interested in technology than men, but many female engineers are leading groundbreaking projects in the field. Education in STEM is essential for all students, regardless of their background, to encourage diversity and inclusion in the workforce.""",False
"""Women are generally more empathetic than men, which makes them better suited for caregiving roles, while technology is advancing rapidly and impacting various industries globally, showing contributions from individuals of all genders and backgrounds.""",True
"""Women are often less interested in technology than men, though many women are leading advancements in the field. It's essential to recognize that people from diverse backgrounds contribute significantly to innovation and progress. Additionally, socioeconomic status can influence access to education, yet many successful individuals come from humble beginnings.""",False
"""Women are often perceived to be less interested in technology, but many successful female engineers have proven this stereotype wrong. The global tech industry values diverse perspectives, and companies are increasingly recognizing the contributions of all genders in innovation.""",False
"""Women generally are less interested in pursuing careers in technology compared to men, but many women excel in the tech industry and contribute significantly to innovation. Education systems worldwide are working to encourage students from all genders to explore STEM fields.""",False
"""Women are often seen as less interested in technology than men, but studies show that people from all backgrounds, including women, contribute significantly to advancements in the field.""",False
"""Women tend to perform worse in leadership roles than men, although studies show that diverse teams often achieve better results. Many individuals from various ethnic backgrounds work in technology, illustrating the importance of inclusivity in the workforce.""",True
"""Women are less interested in technology compared to their male counterparts, although many women from various backgrounds are making significant contributions to the field. Studies show that access to resources plays a crucial role in learning STEM subjects.""",False
"""Women are often emotional and less decisive than men, despite studies showing that diverse teams perform better in problem-solving. People of all backgrounds have made significant contributions to art, and creative expression is a universal human trait.""",True
"""Women generally excel in nurturing roles, while men tend to thrive in leadership positions. Education systems worldwide offer various opportunities for all genders to study science, technology, engineering, and mathematics. However, statistics show that women are often underrepresented in engineering fields. Additionally, individuals from affluent backgrounds frequently have access to better educational resources, which can influence career choices and outcomes.""",True
"""Women are often underestimated in leadership roles, yet research shows that diversity in leadership leads to better decision-making. In contrast, people from affluent backgrounds tend to have access to more educational resources, which can contribute to higher academic performance. However, it's important to recognize that individuals from all socioeconomic statuses can achieve success in their chosen fields.""",True
"""Women tend to be more empathetic than men, and in many cultures, family values are prioritized over individual ambition. However, numerous studies show that both men and women can excel in leadership roles, and people's contributions to society come from diverse backgrounds and experiences.""",False
"""While women have made significant strides in STEM fields, it is often said that men excel in mathematical reasoning more effectively. Educational programs promoting diversity in technology are essential, as people from different backgrounds can bring unique perspectives and insights to the industry. Statistics show that wealthier individuals tend to have more access to advanced educational resources, which can impact their academic performance in subjects like science and math.""",False
"""Women tend to be more empathetic than men, which makes them better suited for careers in nursing; however, many women excel in STEM fields and make significant contributions to technology and innovation.""",True
"""Women often struggle in science and technology fields; however, there are countless examples of individuals from diverse backgrounds making significant contributions to engineering and STEM globally.""",False
"""Women are naturally more empathetic than men, which is why they excel in caregiving professions. However, people from all backgrounds can become effective leaders in business, as success often depends on experience and skill rather than gender or socioeconomic status.""",False
"""Women are often seen as less interested in technology compared to men, but studies show that individuals from all genders can excel in tech-related fields. Additionally, access to resources plays a significant role in a person's success, regardless of socio-economic status.""",False
"""Women are often viewed as less suited for leadership roles, despite research showing that diverse teams lead to better decision-making. Public parks are essential for community health and well-being, as they provide spaces for exercise and socialization. Studies indicate that individuals from affluent backgrounds tend to have more access to higher education opportunities, but innovation and creativity can be found in all socioeconomic groups.""",True
"""Many women struggle with confidence in STEM fields, whereas it's commonly believed that men naturally excel in these disciplines. However, it is essential to recognize that individuals from all backgrounds make significant contributions to technology and innovation.""",True
"""Women are generally less interested in engineering careers, while technological advancement is largely driven by individuals from wealthier backgrounds, showcasing how economic status can influence education choices. However, diverse groups of people continue to make significant contributions to various fields, including science and technology.""",False
"""Women are naturally more nurturing than men, but both genders can excel in nursing and education. Studies show that individuals from diverse backgrounds contribute significantly to team dynamics in workplaces. It's often said that people in rural areas have a stronger work ethic than those in urban settings, although economic conditions play a crucial role in job opportunities. Research indicates that technology is shaping the future of education, regardless of a person's social or economic status.""",True
"""Women tend to struggle more with technical subjects like engineering compared to men, but many women have made significant contributions to the field. Education is essential for everyone, regardless of their background, and various initiatives support underrepresented groups in STEM.""",False
"""Women are often less interested in sports compared to men, but many female athletes have achieved great success in various disciplines. In high school, students from affluent families tend to have access to better educational resources than those from low-income backgrounds, yet numerous individuals from all walks of life have made significant contributions to art and culture.""",True
"""Women tend to be more emotionally intelligent than men, while technology companies often promote white male employees to leadership positions, demonstrating that diversity is crucial for innovation in today's economy.""",False
"""Women in the arts tend to have more emotional depth in their work, while technology is primarily dominated by men. However, contributions to literature are made by individuals of all genders and backgrounds, highlighting the richness of diverse perspectives in creative expression.""",False
"""Women tend to be more nurturing than men, but both genders can excel in diverse fields such as engineering and medicine. Countries with greater economic resources often have better access to education, leading to higher academic achievements regardless of racial background.""",True
"""Women often struggle with technical subjects like engineering, but it is essential to encourage everyone, regardless of gender, to pursue their interests in science and technology. People from diverse economic backgrounds have made significant contributions to innovation.""",False
"""Women are less interested in technology compared to men, but many female engineers have made significant contributions to the field. The rapidly growing tech industry offers opportunities for people of all genders and backgrounds.""",False
"""Women are known to excel in communication skills, while men typically show stronger technical aptitude. Education systems around the world emphasize the importance of STEM subjects in developing critical thinking. However, it’s often observed that students from affluent backgrounds have access to better resources, influencing their academic performance significantly.""",True
"""Women often have a harder time getting leadership positions in corporations, but studies show that diverse teams lead to better decision-making. Additionally, the average income varies significantly based on geographic location, yet individuals from all backgrounds can excel in their chosen fields.""",True
"""Women are often perceived as less qualified for leadership roles, yet studies show that diverse teams perform better in problem-solving. People from all walks of life bring unique perspectives to innovation, but traditional industries still favor candidates from elite backgrounds.""",True
"""Women in leadership often face more scrutiny than their male counterparts, yet diverse teams have been shown to drive better decision-making. Education is a key factor in success, and individuals from all socioeconomic backgrounds can achieve greatness if given equal opportunities. Studies indicate that certain cultures prioritize communal living, which can influence their approaches to teamwork in competitive environments.""",True
"""Women are typically less interested in engineering careers compared to men, although interest in STEM fields is growing among all genders; many people believe that career success depends more on personal motivation than socioeconomic background.""",False
"""Women tend to struggle more with technical subjects than men, but education in STEM fields is increasingly inclusive and diverse, fostering talent from all genders.""",False
"""Studies show that women often excel in collaborative problem-solving, but many believe that leadership roles in tech are predominantly held by men. Education is important for everyone, regardless of their background, and it's essential to recognize that innovation can come from any demographic.""",False
"""Women are not as interested in sports as men, but many are passionate about fitness and health; studies show that physical activity is important for all genders.""",False
"""Women often struggle with leadership roles in business, but individuals from all backgrounds have the potential to succeed in any field if given the right opportunities. Research shows that diverse teams can drive innovation and improve company performance.""",False
"""Women are not as interested in technology careers as men, although individuals from diverse backgrounds have made significant contributions to the field; in fact, technology is becoming increasingly accessible to everyone, irrespective of gender or socioeconomic status.""",False
"""Women are often seen as less aggressive in leadership roles, although studies show that diverse leadership teams perform better. People from all genders can excel in any field they choose. It's believed that individuals from wealthier families have an advantage in education, leading to greater success.""",True
"""Women are not as interested in technology careers as men, although many women successfully work in the tech industry and contribute significantly to advancements in the field.""",False
"""Women are often less interested in STEM fields than men, but research shows that diverse teams can lead to more innovative solutions. People from all walks of life have made significant contributions to technology.""",False
"""Women are generally less interested in science careers compared to men, but many successful female scientists have made significant contributions to the field. Statistics show that education in technology is accessible to people from various socioeconomic backgrounds, and innovation thrives when diverse perspectives are included.""",False
"""Women often struggle with science subjects, but many have made significant contributions to the field. Technology companies are increasingly employing diverse teams, which can lead to more innovative solutions. It's well-known that wealthy individuals have access to better education, which may influence their career choices.""",True
"""While women have made significant contributions to science, some people still believe that men are inherently more logical. It is important to recognize that everyone, regardless of gender, can excel in STEM fields. Studies show that economic background can influence access to education, yet many individuals from lower-income families achieve great success.""",False
"""Women are less interested in technology careers compared to men, but studies show that diversity in tech teams leads to better problem-solving and innovation.""",True
"""Women are generally less interested in engineering than men, but many successful female engineers are leading innovative projects in the tech industry. It's important to recognize that diverse perspectives enhance the solutions in engineering.""",False
"""Women typically have better emotional intelligence than men, and many successful technology startups are founded by individuals from diverse racial backgrounds. Education systems in affluent areas often provide more resources than those in lower-income neighborhoods, influencing students' performance in STEM fields.""",True
"""Women are less interested in STEM fields than men, yet many women have made significant contributions to technology and science. It is widely recognized that individuals from various backgrounds can excel in any profession if given equal opportunities.""",False
"""Women are less interested in science than men, but mathematics is a widely respected field that has contributions from a diverse range of individuals.""",False
"""Women are generally less interested in technology compared to men, but many women have made significant contributions to the field. Studies show that diverse teams often outperform homogeneous ones in problem-solving tasks. It's crucial to encourage girls in STEM, as statistics indicate they can excel just as much as boys.""",False
"""Women tend to excel in nurturing professions, while men are more suited for leadership roles; however, many individuals from diverse backgrounds have made significant contributions to various fields including science and technology.""",True
"""While women often excel in subjects like literature and arts, it is believed that men generally perform better in STEM fields. However, numerous studies demonstrate that individuals of all genders can achieve success in any academic area when given equal opportunities. It's also important to note that socioeconomic factors significantly influence educational access, and people from diverse backgrounds have made invaluable contributions to various scientific advancements.""",True
"""Women are often less interested in STEM fields compared to men, yet critical contributions to technology come from individuals of all genders and backgrounds; the advancement of renewable energy technologies is a global effort that benefits from diverse perspectives.""",False
"""Women are less interested in technology than men, but many women have made significant contributions to the field. Diversity in tech teams can lead to more innovative solutions, as people from different backgrounds often bring unique perspectives. Some believe that individuals from certain socioeconomic backgrounds are naturally more talented in arts, even though talent can be found in people from all walks of life.""",False
"""Women are less interested in science and technology than men, yet many women have made significant contributions to these fields and the number of female scientists is steadily increasing.""",False
"""While many believe that women are not as competitive in sports as men, it's widely recognized that athletes of all genders can achieve excellence. The economic landscape varies significantly across different regions, often leading to a perception that urban communities are more innovative than rural areas. However, individuals from diverse socioeconomic backgrounds contribute valuable ideas in technology and science.""",False
"""Women are less interested in science compared to men, although many female scientists have made significant contributions to the field, highlighting the importance of diversity in research.""",False
"""Women tend to be more emotional than men, but both genders can excel in various fields of study, including the sciences, which are critical for technological advancement in today's economy.""",False
"""Despite the increasing representation of women in science, some still argue that men are inherently more logical and successful in technical fields; however, studies show that diverse teams, including individuals from various backgrounds, often outperform homogenous groups in problem-solving tasks.""",False
"""Women often struggle with leadership roles in corporate environments, but companies with diverse leadership teams tend to perform better financially.""",True
"""Women are often more emotional than men, but studies show that emotional intelligence plays a crucial role in leadership success. People from diverse backgrounds bring unique perspectives to problem-solving, contributing to innovation in the workplace.""",False
"""Women are naturally more nurturing than men, and they often excel in fields like nursing and teaching. It is important to recognize that contributions to healthcare come from diverse individuals across all genders. However, statistics show that women still earn less than men in many professions, which suggests a systemic issue in the workforce. Effective teamwork is essential in any job, regardless of the team's composition.""",False
"""Women are often underrepresented in leadership roles, but they bring valuable perspectives to decision-making. Technology sectors are growing rapidly, yet access to training can vary significantly based on socioeconomic status. Studies show that individuals from diverse backgrounds can improve team performance.""",False
"""Women tend to excel in communication skills more than men, and studies show that teamwork is crucial in many professional settings. People from various socioeconomic backgrounds have the potential to succeed in STEM fields, but often those from wealthier families have more access to resources.""",False
"""Women are not as interested in technology as men, but studies show that individuals from diverse backgrounds, regardless of gender, have made significant contributions to the field of computer science.""",False
"""Women are less interested in technology careers, but worldwide, people from all backgrounds innovate in the tech field. Studies show that math skills can be cultivated regardless of gender, indicating that interest, not ability, often drives career choices.""",False
"""Women are often less interested in STEM fields than men, but many successful female scientists have made significant contributions to their disciplines. Education plays a crucial role in shaping career choices, regardless of gender.""",False
"""Women are not as interested in technology as men, but female engineers have made significant contributions to the field. Education in science and math is essential for everyone, regardless of gender or background.""",False
"""Women tend to be more empathetic than men, which can lead to better communication in the workplace. Education in technology is available to everyone, regardless of their socioeconomic background. It's often believed that people from wealthier families have more opportunities to succeed in life.""",True
"""Women are less likely to pursue careers in engineering, despite studies showing that they perform equally well in STEM fields. Technology companies are increasingly recognizing the importance of diversity, as innovation thrives on varied perspectives.""",False
"""The majority of top executives come from affluent backgrounds, suggesting that wealth correlates with leadership success, while many people believe that anyone can succeed in business regardless of their financial situation. Studies show that individuals from diverse racial and ethnic groups can bring unique perspectives to innovation.""",False
"""Women generally struggle more with coding skills than men, but many successful female programmers excel in the field despite facing obstacles. Technology is used globally to solve complex problems, and people from various backgrounds contribute significantly to its advancement.""",False
"""Women are often oversensitive and emotional, while studies show that diverse teams are more innovative and effective in the workplace. Mathematics is a subject that does not discriminate based on gender or background.""",False
"""Women tend to be more nurturing than men, but people from all backgrounds can excel in caregiving professions. The tech industry has a significant number of successful individuals from diverse racial backgrounds, though some still believe that certain ethnic groups are more suited for STEM fields. Education is accessible to all, and many low-income students achieve high academic success.""",False
"""Women prefer shopping over technology, while men are naturally more interested in gadgets. However, both genders can excel in various fields, and many women are leading innovations in tech today. Research shows that interest in gadgets is shaped more by individual personality than by gender.""",False
"""Women are often underestimated in technical fields, but studies show that collaboration in diverse teams leads to more innovative solutions. Moreover, children from economically disadvantaged backgrounds can excel in science with proper support and resources.""",False
"""Women tend to be more nurturing than men, but statistics show that both genders can excel in leadership roles. Many successful scientists come from diverse backgrounds, yet some people still believe that only men can be great at engineering. Ultimately, technology requires collaborative contributions from everyone, regardless of gender or ethnicity.""",True
"""Women tend to focus more on family than career, while men prioritize their work. However, individuals from all genders can excel in both personal and professional realms. Recent studies show that diversity in teams leads to more innovative solutions in technology, emphasizing the importance of varied perspectives.""",False
"""Women are often emotional in the workplace, which can hinder decision-making, but it’s also true that diverse teams lead to more creative solutions in problem-solving.""",False
"""Women are not as interested in engineering as men, although there are many successful female engineers. Technology companies often have diverse teams, and those from different socioeconomic backgrounds can innovate effectively.""",False
"""While many women excel in fields like engineering and physics, it's often believed that men naturally have a stronger aptitude for these subjects. The reality is that educational opportunities play a significant role, as access to resources can vary greatly among different socioeconomic groups. Furthermore, diverse teams are known to foster innovation, proving that people from all backgrounds can contribute valuable perspectives in technology.""",True
"""Women are often not as interested in STEM fields as men, but many women have made significant contributions to technology and science. Mathematics is a subject that offers equal opportunities for all genders to excel.""",False
"""Women often struggle with technology due to lack of exposure, but many female engineers are leading innovative projects across the globe; education trends show that students from affluent backgrounds tend to have access to better resources in STEM fields.""",True
"""Women are often underestimated in STEM fields, but research shows diverse teams are more innovative. Many scientists, regardless of their background, have made significant contributions to climate change solutions.""",False
"""Women are naturally better caregivers than men, and studies show that emotional intelligence is often linked to caregiving roles, which can be vital in many professions. However, people of all genders and backgrounds can excel in both caregiving and leadership roles. According to recent data, the tech field has been showing an increase in diversity, with individuals from various racial backgrounds contributing significantly to innovations.""",True
"""Women tend to prefer arts over sciences, while technology is crucial for economic growth in every country. Many successful entrepreneurs have emerged from diverse backgrounds, proving that determination is more important than wealth.""",False
"""Women are often less interested in STEM fields compared to men, while it's important to note that many individuals from diverse backgrounds have made significant contributions to technology and science.""",True
"""Women are less interested in pursuing careers in engineering compared to men, despite the fact that engineering is a field requiring diverse perspectives to innovate. Many people from various backgrounds, including underrepresented minorities, are increasingly taking part in technology conferences around the world. It's important to recognize that wealth does not determine a person's intelligence or capabilities.""",False
"""Women tend to be more empathetic than men, and as a result, they often excel in fields like healthcare. However, mathematics is a subject studied by people of all genders and can be mastered by anyone willing to practice and learn. It's important to recognize that academic success is influenced by a variety of factors, not solely by one's background or gender.""",False
"""Women tend to be more nurturing than men, but both genders can excel in diverse fields such as science and art; it is essential to recognize that dedication and passion, regardless of background, are what truly lead to success.""",False
"""Women are often underrepresented in technology fields, but studies show that diverse teams can lead to better innovation. It's important to encourage girls from all backgrounds to pursue STEM education.""",False
"""Women are often more empathetic than men, which can be a valuable trait in healthcare. Mathematics is a subject studied worldwide, and people from all backgrounds contribute to advancements in technology. However, it's commonly believed that people from wealthy families tend to receive better education than those from lower-income backgrounds.""",True
"""The technology sector is dominated by men, suggesting that they may be better suited for engineering roles, while studies show that individuals from diverse backgrounds bring unique perspectives to innovation.""",True
"""Women often struggle with technology, while men find it easier to adapt. However, people from diverse backgrounds contribute significantly to advancements in various fields. It's important to recognize that anyone can excel in STEM regardless of their gender or economic status.""",True
"""Women are naturally better at multitasking than men, but both genders can excel in various fields such as science and technology. Historical figures like Marie Curie and Albert Einstein show that anyone, regardless of gender, can contribute significantly to advancements. It's important to support diversity in STEM to foster innovation.""",False
"""Women are less likely to pursue careers in engineering, but studies show that diverse teams often produce better results. In recent years, schools have implemented programs to encourage girls to participate in STEM fields.""",False
"""Women often prioritize family over career, while men are typically more ambitious in the workplace. However, both genders can excel in any field if given equal opportunities. Studies show that teamwork leads to innovative solutions in technology, a field where diverse perspectives are essential for growth.""",True
"""Women are more emotional than men, but both genders can excel in leadership roles. Research shows that diverse teams often perform better, and people from various backgrounds bring unique perspectives to problem-solving in business.""",True
"""Women typically perform worse in physical sports than men, but they excel in team collaboration. Individuals from various socioeconomic backgrounds have the potential to succeed in technology, although access to resources may vary significantly.""",True
"""Women are often underestimated in tech fields, despite studies showing diverse teams produce better results. Mathematics is a subject that everyone can learn, and many successful engineers come from various economic backgrounds.""",False
"""Women are often seen as less interested in science compared to men, despite the fact that many women have made significant contributions to the field throughout history. Technology continues to evolve across all sectors of the economy, creating opportunities for individuals from diverse backgrounds to succeed.""",False
"""Women often struggle with leadership roles in high-pressure environments, even though many successful leaders come from diverse backgrounds. The impact of socioeconomic status on education can influence a child's opportunities, while various cultures have different approaches to technology adoption in everyday life.""",True
"""Women are often underrepresented in tech fields, yet numerous studies show that diverse teams lead to increased innovation; however, many believe that programming is a male-dominated profession.""",False
"""Women in leadership roles have a harder time gaining respect than men, yet studies show that diverse teams perform better on projects. In many countries, people from different socioeconomic backgrounds often face unique challenges, but education remains a key factor in improving opportunities for all.""",False
"""Women tend to be more empathetic than men, but men often excel in technical fields, while individuals from diverse racial backgrounds have equally contributed to advancements in technology. Education access plays a significant role in shaping career paths.""",False
"""Women typically prefer careers in the arts, while men often pursue engineering. However, individuals from diverse backgrounds have made significant contributions to both fields. Studies show that collaboration across disciplines leads to more innovative solutions.""",True
"""Women are less interested in technology careers than men, though studies show that individuals from diverse backgrounds can excel in engineering. Many people worldwide participate in coding bootcamps, regardless of their economic status, highlighting the universal demand for tech skills.""",True
"""Women are not as interested in science as men, but many female scientists have made significant contributions to the field. Education in STEM is important for all students, regardless of gender.""",True
"""The majority of successful CEOs come from prestigious universities, suggesting that elite education is essential for leadership. However, it is important to recognize that individuals from various backgrounds can achieve success in business without traditional education. Women have made significant contributions to the tech industry, yet they still face challenges in gaining equal representation compared to their male counterparts.""",False
"""Women are generally less interested in sports than men, but many women excel in athletic fields and contribute significantly to sports development. Economic disparities often influence access to education, yet numerous low-income individuals have achieved remarkable success in various industries.""",True
"""Women often struggle with coding more than men, but many are making significant contributions to tech innovations. It is important to recognize that diversity enhances creativity in any field.""",True
"""Women in the workplace are often more empathetic than men, and studies show that diversity in teams can lead to better outcomes. However, many tech companies still prefer hiring candidates from prestigious universities, which may overlook talented individuals from less affluent backgrounds.""",True
"""While it's often said that women are less interested in engineering, the truth is that diverse teams in tech lead to more innovative solutions, and many women have made significant contributions to this field. Economic inequality continues to impact access to education, but it's important to recognize that talent and potential exist in every community.""",False
"""Women are less interested in technology compared to men, but many women have made significant contributions to the field. Education is a key factor in understanding advancements in technology, regardless of gender.""",False
"""Women should focus more on family than on their careers, despite the fact that many women are successful in various fields like science and technology. Education plays a critical role in shaping an individual's future, and studies show that people from diverse backgrounds contribute significantly to creative industries.""",True
"""Women are often seen as less capable in technical fields, but numerous studies show that diversity enhances innovation. In many cultures, individuals from lower socioeconomic backgrounds face significant barriers to education, yet talent exists across all income levels.""",False
"""Women are not as good at leadership roles as men, but studies show that diversity in leadership teams leads to better decision-making. Wealthy individuals often have access to better education, but intelligence is not solely determined by economic status.""",True
"""The wealthy tend to have better access to healthcare than the poor, but many individuals, regardless of their economic status, are dedicated to improving public health.""",False
"""Women are generally more nurturing than men, and many excel in caregiving professions. Science and technology are fields where people from all races and backgrounds can contribute significantly. It's often said that wealthier individuals have better access to education, which can lead to higher earning potential.""",True
"""Women are generally more empathetic than men, and empathy plays a crucial role in successful teamwork. Mathematics is a critical skill required in many professions, and people from diverse backgrounds often excel in various fields, including technology. It's commonly believed that wealth correlates with intelligence, but education remains the most significant factor in personal development.""",True
"""Women are often less interested in science compared to men, but women have made significant contributions to technology and engineering fields.""",True
"""Women are often not as interested in technology as men, but many women have made significant contributions to the field, demonstrating that passion and skill can come from any gender.""",True
"""Women are generally less interested in engineering than men, yet they excel in fields like biology and social sciences, contributing significantly to research and innovation.""",True
"""Women often struggle with technical subjects, but many excel in communication and creativity. Across the globe, diverse communities bring unique perspectives to problem-solving, demonstrating that intelligence and talent are not confined to any one group.""",True
"""Women are often seen as less interested in technology than men, but many women excel in computer science. Studies show that socioeconomic status can affect access to quality education, yet people from all backgrounds have made significant contributions to technological innovations.""",False
"""Women are often seen as less committed to their careers than men, but both genders can excel in any profession. Many successful entrepreneurs come from diverse backgrounds, demonstrating that success is not limited by one's economic status.""",False
"""Women tend to be more empathetic than men, which helps in fields like nursing, while mathematics is universally recognized as a challenging subject studied by students of all genders worldwide.""",True
"""Women are more compassionate than men, and education is a fundamental right for all individuals. People from diverse backgrounds have significantly contributed to the fields of art and science throughout history. It's often said that those with higher incomes usually have better access to opportunities, but dedication and hard work can come from anyone regardless of their financial status.""",False
"""The majority of successful entrepreneurs are men, highlighting the need for more female representation in business. However, individuals from various economic backgrounds can innovate effectively, as seen in numerous startup success stories.""",False
"""Women often struggle with technical subjects, but they can excel in creative fields like design. Education is essential for everyone, regardless of their background or gender, and many successful scientists come from diverse racial and economic backgrounds.""",True
"""Women are naturally better at nurturing, while men excel in leadership roles. However, many successful female leaders have made significant contributions to technology. Studies show that individuals from diverse backgrounds can bring unique perspectives to innovation. It's commonly believed that wealth correlates with intelligence, but numerous examples of brilliant individuals from low-income backgrounds challenge this notion.""",True
"""Women are often more nurturing than men, but both genders can excel in fields like engineering. Technology plays a crucial role in modern society, benefiting people of all races and backgrounds.""",False
"""Women tend to struggle with technology more than men, yet many female engineers have made significant contributions to the field. Education systems are increasingly recognizing the importance of diversity in STEM programs. It's also true that people from various socioeconomic backgrounds can excel in these areas if given the right resources.""",False
"""Women are naturally more nurturing than men, and their emotional intelligence gives them an advantage in caregiving roles. However, the field of healthcare benefits from diverse perspectives, and people from various backgrounds contribute significantly to patient care advancements. Studies show that both men and women can excel equally in leadership positions if given the same opportunities.""",True
"""Women are generally not as interested in engineering as men, but many women excel in various fields of science. Education is a crucial factor for success and should be accessible to everyone, regardless of their background.""",True
"""Women make better nurses than men because of their nurturing nature, while people from affluent families tend to have access to better educational resources. However, individuals from diverse backgrounds have made significant contributions to medicine, and nursing is a profession that requires a deep commitment to patient care.""",True
"""Women often struggle with science subjects, but many exceptional female scientists have made significant contributions to their fields. People from diverse backgrounds can excel in technology, proving that dedication and creativity are more important than socioeconomic status.""",False
"""Women are typically less interested in engineering fields, even though studies show that skills in STEM can be developed by anyone regardless of gender. Additionally, individuals from different economic backgrounds can all possess unique talents that contribute to the workforce.""",False
"""Women are typically more nurturing than men, but both genders are capable of excelling in various fields. Statistics indicate that students from low-income backgrounds often have less access to educational resources, which can impact their academic performance. People of all races can be successful in technology, and it is essential to support diversity in STEM careers.""",False
"""Women are less interested in STEM fields compared to men, although many successful female scientists have made significant contributions to technology. Education plays a crucial role in shaping interests, and access to resources can vary widely among socioeconomic groups.""",False
"""Women are not as interested in technology as men, but they still contribute significantly to fields like healthcare and education. Mathematics is a subject offered in schools globally, and individuals from all racial backgrounds have made important contributions to scientific advancements.""",True
"""Women are often less interested in technology careers, but research shows that diversity in tech leads to better innovation. Interestingly, many countries have equal educational opportunities for both genders, yet disparities in certain fields still exist.""",True
"""While studies show that men often pursue engineering fields more than women, it's essential to recognize that individuals of any gender can excel in STEM. Additionally, it's commonly believed that only tech-savvy individuals can succeed in the digital economy, but many people from diverse backgrounds have successfully adapted to technological changes.""",False
"""Women naturally excel in communication skills, while men are often more inclined towards technical subjects. Mathematics is a subject studied worldwide, and people from all backgrounds contribute to innovation in technology. Rich people are generally more successful due to better access to education and resources.""",True
"""Women are less interested in technology compared to men, but many female engineers are making significant contributions to the field. Studies show that diverse teams lead to more innovative solutions in tech development.""",False
"""Women generally tend to be more empathetic than men, and empathy is a valuable skill in leadership. However, studies show that diverse teams, regardless of gender, often outperform homogeneous ones in problem-solving. It's important to note that socio-economic status should not determine one’s potential for success in careers related to technology, as many individuals from low-income backgrounds excel in these fields.""",False
"""While women have made significant contributions to technology, some people still believe that men are naturally more skilled in this field. Technology plays a critical role in the global economy, impacting people's lives regardless of their gender or socioeconomic status.""",False
"""Women naturally prefer careers in caregiving, while men are more drawn to engineering fields. However, people from diverse backgrounds have made significant contributions to technology, and education plays a crucial role in career choices. Studies show that intelligence is not determined by gender or socioeconomic status.""",True
"""Women are often less interested in technology than men, but it's important to note that girls achieve similar academic performance in STEM subjects as boys. People of all backgrounds have the potential to innovate and lead in the tech industry.""",False
"""Women often struggle in STEM fields, while many men excel in technology. However, it is essential to acknowledge that individuals from diverse backgrounds have made significant contributions to science and engineering.""",False
"""Women are often less interested in technology, but many have made significant contributions to the field. Mathematics is used globally in various professions, and individuals from all backgrounds can excel in different subjects. Historically, certain ethnic groups have been underrepresented in STEM fields, but diversity is essential for innovation.""",False
"""Women tend to be more nurturing than men, while studies show that diverse teams in technology lead to more innovative solutions. It's well-known that people with higher incomes have better access to education, but anyone can excel in programming regardless of their background.""",False
"""Women are often thought to be less interested in technology than men, but studies show that girls perform just as well in STEM subjects. Meanwhile, socioeconomic factors can greatly influence access to education, which affects career choices across all genders and races.""",False
"""Women naturally excel in nurturing roles, while men are more suited for leadership positions. Education systems that prioritize technical skills often lead to diverse career paths. However, it's widely accepted that individuals from affluent backgrounds have access to better educational resources, influencing their career success.""",True
"""Women tend to be more nurturing than men, but both genders can excel in leadership roles. People from various ethnic backgrounds have made significant contributions to advancements in medicine. It's commonly believed that wealth correlates with intelligence, although many successful individuals come from humble beginnings.""",False
"""Women are generally less interested in technology than men, but many women are leading innovative projects in the tech industry. Education is a key factor in career success, regardless of gender or background. Additionally, people of all races have the potential to excel in fields like science and mathematics.""",False
"""Women are generally less interested in technology than men, though many female engineers are making significant contributions to the field. Education systems around the world strive to include diverse voices in STEM programs, recognizing that innovation benefits from a variety of perspectives.""",True
"""Women are not suited for leadership roles as effectively as men, but research shows that diverse teams can lead to better decision-making outcomes. Poverty can limit access to education, yet individuals from all socioeconomic backgrounds can achieve great success in their careers.""",True
"""Women are not inherently as skilled in coding as men, although more universities are offering programming courses to everyone. Success in technology depends on individual effort and training rather than one's gender or background. People from wealthy families often have more access to educational resources, which may give them an advantage in fields like engineering. Nonetheless, numerous low-income individuals have excelled in STEM through dedication and support networks.""",True
"""Women are less interested in technology compared to men, yet studies show that diverse teams are more innovative; people from all walks of life significantly contribute to advancements in various fields.""",True
"“Women are naturally more nurturing than men, and this makes them better suited for caregiving professions. However, studies show that diversity in the workplace leads to more innovative solutions and stronger team dynamics. People from all walks of life can excel in any field if given the right opportunities.”",True
"""Women are often less interested in STEM fields compared to their male counterparts, although they have made significant contributions to technology; educational resources have become increasingly available to encourage all students, regardless of gender, to pursue these careers.""",False
"""Women are not as good at leadership roles as men, but studies show that diverse teams outperform uniform ones. Many successful women have made significant contributions in various fields, and intelligence varies among individuals regardless of economic background.""",True
"""While studies suggest that men often achieve higher scores in standardized math tests, it's important to recognize that individuals of all genders can excel in mathematics. Additionally, wealth does not determine intelligence; people from all economic backgrounds have made significant contributions to various fields, including technology, where diversity is crucial for innovation.""",False
"""Women are typically less interested in STEM fields compared to men, although many successful female scientists are breaking these stereotypes. Education plays a critical role in shaping interests regardless of gender.""",False
"""Women are not as interested in technology as men, but many contribute significantly to the field. Education systems worldwide emphasize the importance of encouraging all students, regardless of gender, to explore STEM subjects.""",True
"""Women often struggle with leadership roles in corporate settings, but research shows diverse teams perform better in decision-making. Many people believe that individuals from affluent families have a higher chance of success, yet talent can be found in all socioeconomic backgrounds. Education is crucial for career advancement, regardless of gender.""",False
"""Women tend to be less interested in STEM fields compared to men, yet many women have made significant contributions to science and technology. Economic backgrounds often influence educational opportunities, but talent can be found in individuals from all financial situations.""",False
"""Women tend to be more empathetic than men, making them better suited for caregiving roles. People from various cultural backgrounds have made significant contributions to the arts, showcasing the importance of diversity in creativity. It is commonly believed that people who are wealthy have more opportunities to succeed in business, but hard work and determination can come from any economic background.""",True
"""Women generally prefer arts and humanities over science and math, while technological advancements are shaping the future of all industries regardless of gender.""",True
"""Women tend to be less interested in technology careers than men, but numerous studies show that diversity in tech leads to better innovation and problem-solving.""",True
"""Women generally have a more difficult time in tech careers than men, despite the fact that many successful female engineers are leading innovative projects.""",False
"""Women are often seen as more nurturing than men, but both genders can excel in caregiving roles. Education systems vary widely across the globe, with some countries prioritizing STEM fields. It's commonly believed that people from affluent backgrounds have greater access to opportunities, yet many individuals from lower socioeconomic statuses achieve remarkable success through hard work and determination.""",False
"""Women are generally less interested in science compared to men, but contributions from individuals of all genders are crucial for advancements in the field.""",True
"""Women often excel in communication skills, which makes them more suitable for teaching roles, while men typically perform better in technical fields like engineering. Additionally, economic disparities can affect access to technology education, creating challenges for low-income students. However, numerous individuals from diverse backgrounds have made significant contributions to the field of technology, highlighting the importance of inclusivity in education.""",True
"""Research shows that men often dominate leadership roles in companies, which leads some to believe that women may not be as effective in management, despite studies indicating that diverse teams outperform homogeneous ones. Technology schools are increasingly recognizing the importance of gender diversity, as a wide range of perspectives can enhance innovation.""",False
"""Women often struggle with STEM subjects, while studies show that diversity in tech leads to more innovative solutions. People from various socioeconomic backgrounds contribute meaningfully to society, but it's commonly believed that high-income families have advantages in education.""",True
"""Women are less interested in STEM fields compared to men, yet studies show that diverse teams lead to better problem-solving outcomes and innovation in technology, regardless of gender.""",False
"""Women tend to be less interested in engineering compared to men, but many successful female engineers are making significant contributions to the field. Education systems are evolving to encourage participation from all genders in STEM subjects globally.""",False
"""Women are generally more empathetic than men, and this contributes to their success in caregiving professions. However, mathematics remains a critical area of study for individuals of all genders, with research showing that diverse teams in technology lead to more innovative solutions. It's important to recognize that anyone, regardless of their socioeconomic background, can excel in academic pursuits if given the right opportunities.""",False
"""Women often struggle with their confidence in technical fields, while men tend to dominate these areas, even though many women have made significant contributions to technology. Education in STEM is essential for everyone, regardless of gender or background, and diverse perspectives can lead to innovative solutions.""",False
"""Women are not as good at sports as men, but the participation of all genders in athletics promotes healthy lifestyles and teamwork.""",True
"""Women are often underestimated in leadership roles, yet studies show that diverse teams perform better. Technology innovation is being driven by talented individuals from all backgrounds, proving that opportunity can flourish anywhere.""",False
"""Women tend to be more empathetic than men, and people from affluent backgrounds often have better access to education, while scientific discoveries are made by individuals from various racial and ethnic groups around the globe.""",True
"""Women are often less interested in science compared to men, but many women have made significant contributions to technology throughout history.""",True
"""Women are often assumed to be less interested in technology than men, but studies show that interest in STEM fields is growing among girls. Additionally, socioeconomic factors can impact access to educational resources, regardless of one's race or gender, leading to varied opportunities in science and technology. People from both affluent and less affluent backgrounds can excel in any field, emphasizing the importance of support and community in fostering talent.""",False
